F010029;F010030;F041699;F041799;F041803;F041899;F050799;F051699;F050899;F051799;F080099;F090024;F090036;F090099
43303;43303;31568;226776;0;21034;75;2;1349114;48000;3423587;31568;1397114;3379762
43309;42102;675;44325;0;0;3;0;25200;0;90000;675;25200;84600
43907;43907;57143;242714;0;6130;7;2;79075;0;233717;57143;79075;332764
43303;43303;8565;27227;0;28308;48;1;1401495;28602;2590756;8565;1430097;2383496
42202;42202;2254909;43880864;0;100620;64;7;3052600;226841;75134435;2254909;3279441;61989498
43216;43216;25675;152280;34800;34800;5;0;119364;0;586990;25675;119364;512238
42203;42203;5500;38501;0;0;8;1;131700;0;522040;5500;131700;481763
42102;42102;3610;877722;6600;8172;8;4;56481;43200;894777;3610;99681;821322
41002;43224;1771;32488;0;24000;10;2;127500;31200;843093;1771;158700;656849
43211;43211;12608;469836;3960;3960;9;2;200626;21297;791458;12608;221923;521326
43303;43303;7206;271245;0;8648;3;1;46992;37008;432362;7206;84000;327594
43122;43122;13652;33107;0;0;5;1;101945;30000;309334;13652;131945;265860
43225;43225;1443;6877;0;0;2;0;3654;0;35366;1443;3654;33083
41001;41001;71144;768253;0;0;22;6;533760;90240;10803691;71144;624000;9701715
42105;42105;379332;2078829;85296;181296;27;5;1729507;172200;7150089;379332;1901707;8716106
41001;41001;1144249;4916480;0;388973;127;18;4312890;889170;25822626;1144249;5202060;29257726
41002;41002;12737;72173;0;33600;3;2;131712;60168;2140968;12737;191880;1891551
43901;42909;1140782;12473995;241439;241439;119;16;5318300;725223;84517041;1140782;6043523;83921359
41001;41001;59909;2105231;0;17086;18;4;543324;140808;4639132;59909;684132;4397176
42909;42902;334822;586606;19056007;19056007;45;7;6040565;464873;59634951;334822;6505438;52101677
42102;42102;395612;1180148;0;0;350;7;7713486;362712;37624644;395612;8076198;36124803
41002;41001;6963002;197788815;0;3482848;2179;74;80802939;6826540;514919829;6963002;87629479;521007867
43123;43123;4229971;121062932;0;0;83;10;4407011;273600;50535901;4229971;4680611;44234867
43904;43904;247550;8338120;0;0;220;30;5061892;904320;58227110;247550;5966212;49221211
41001;41001;513140;27427219;0;0;79;6;3152980;311833;62768354;513140;3464813;57746886
41002;41002;640892;12189507;0;532800;33;8;2099953;524989;22551052;640892;2624942;21874520
43229;43211;32371;539521;0;81360;25;4;964373;159408;4439683;32371;1123781;4240941
41001;41001;458739;5968500;0;0;27;8;668040;265200;7609762;458739;933240;6989762
41001;41001;275250;3294523;0;0;332;28;6851508;924516;32591029;275250;7776024;27897041
41001;43221;1871753;19696191;496785;496785;100;12;4225176;540164;132100723;1871753;4765340;128137702
43301;43301;927183;11519717;0;371376;52;24;2392116;1085400;16367481;927183;3477516;15805639
42909;41001;2740147;17661641;0;1084025;178;14;12079017;1342113;312903392;2740147;13421130;279606743
42909;42909;443621;3382556;187600;200040;41;26;2217386;1307280;56333445;443621;3524666;53752709
41002;43211;827128;5920453;0;0;15;26;1130964;1387368;21597479;827128;2518332;20211636
43126;43126;427066;6902405;60000;103920;6;2;233784;97752;14224509;427066;331536;12599495
42101;42209;8750;846946;0;16989;1;3;23619;85348;1267681;8750;108967;1203623
41002;41002;2064437;131987561;0;0;33;14;1468279;598845;35218668;2064437;2067124;22210922
43307;42909;2790760;5713191;0;0;87;6;2281310;516264;21626981;2790760;2797574;21403956
41001;41002;213847;6253237;0;419917;80;8;2620588;408618;15500100;213847;3029206;13998155
43211;43211;241203;3663984;0;0;37;2;1206121;283777;8213923;241203;1489898;7184558
43219;42909;355527;1753220;0;1657989;27;6;1544604;413568;14192670;355527;1958172;13713070
41002;41001;215315;1522340;0;0;15;5;572544;222996;2928009;215315;795540;2212123
42909;42909;57167;6032281;9600;11000;76;9;2832678;609700;4555701;57167;3442378;4367235
42209;42209;1443;3993;2600;2600;9;1;151370;18000;4079379;1443;169370;4064378
43305;43305;123975;2306905;60000;90000;16;4;445184;120336;8480769;123975;565520;8633423
41002;41001;88819;1037969;0;0;5;4;336437;242284;5552259;88819;578721;5231534
41002;41002;3008580;32488671;0;0;1898;77;45653608;3439368;263889942;3008580;49092976;240132944
42909;42909;743738;3702782;0;612120;313;13;13622701;430248;56405004;743738;14052949;54712853
43302;43302;226100;2100355;0;0;15;5;573144;219240;5126411;226100;792384;5006392
41002;41001;341057;3682961;0;0;286;9;7740912;236400;42914449;341057;7977312;38537175
43302;43302;1200559;9777083;0;0;444;35;11146392;1098792;107679146;1200559;12245184;107012292
41002;41002;801436;2404307;3240;36000;84;14;3139815;849000;28451446;801436;3988815;26078938
43124;42102;39044;78225;10440;22590;3;6;171690;308000;493737;39044;479690;2195103
41001;41001;8637;908505;0;0;8;6;445016;116926;2050000;8637;561942;1289910
43219;43219;199466;2401834;60000;60000;21;8;761068;295972;10786119;199466;1057040;10570397
42902;42909;1808887;31304140;105600;604161;116;10;6174092;497183;23916845;1808887;6671275;23719882
41001;41001;1853614;18663283;0;0;201;11;8074236;484680;38549210;1853614;8558916;36619262
42909;42909;410243;3050673;31846;544864;106;17;2707821;453696;36119801;410243;3161517;34117655
41002;42909;224026;6889417;0;63894;310;6;4491158;369473;20447132;224026;4860631;16480388
42909;42909;449223;7493553;0;0;80;7;1963080;210529;11401362;449223;2173609;11348899
42909;42909;315578;1273574;0;0;84;9;5017772;514859;46905535;315578;5532631;44439151
42201;42201;896753;2060796;867833;1411203;135;18;4879176;1108872;21069076;896753;5988048;20526910
41002;43229;374768;1361755;0;514909;45;5;2162787;261861;9509821;374768;2424648;9456297
42909;43211;223475;5079774;0;183421;43;10;1220662;591195;13031197;223475;1811857;13995122
42909;43224;1191449;25082223;78144;117514;45;16;3126994;1085010;19665325;1191449;4212004;21279135
41001;41001;775664;38584803;0;0;120;20;4731408;958106;67793224;775664;5689514;52843130
42909;42909;1116359;17319910;211680;315395;86;36;4081272;1892230;86298405;1116359;5973502;74243715
42909;42206;115868;818988;59910;59910;204;29;6276557;1016952;45903127;115868;7293509;44039861
42909;42909;62341;374400;9600;29800;92;3;4599719;161900;111408294;62341;4761619;106638397
43227;43227;66849;2351728;27056;43070;13;4;1066343;296446;8388903;66849;1362789;7801446
42909;42102;297433;4395926;0;1513594;61;9;2565785;415853;18517536;297433;2981638;17238475
41009;42909;141701;880186;0;0;6;4;319968;103344;7113652;141701;423312;6251938
41002;41001;153241;840830;0;41090;71;8;2602444;334968;5546697;153241;2937412;7038321
42909;42909;653442;17345717;24000;24000;185;10;5349061;731473;79528684;653442;6080534;47542920
41002;41002;274573;2533621;0;0;55;19;3112944;1024539;225310954;274573;4137483;200335469
41002;41002;201365;1962780;0;0;16;2;451750;39520;5504749;201365;491270;4647105
43219;43219;584522;8936406;0;2400;44;6;1766708;309026;12395389;584522;2075734;11430567
41002;41002;6620636;48551331;72000;72000;180;40;5352993;1956000;36403912;6620636;7308993;28852353
43211;43211;69796;264094;0;306248;54;4;1686163;109840;8257420;69796;1796003;8378988
41002;43216;13090;2853;0;0;2;2;77487;63399;1247765;13090;140886;1280781
43307;43307;570710;9355306;0;0;18;24;804920;641951;20238028;570710;1446871;19365137
42101;42101;19640;270930;0;21290;36;4;895318;99479;5753152;19640;994797;5465495
41001;41001;294769;1944981;0;0;168;7;5688960;373560;13538677;294769;6062520;13486006
42203;41002;40865;307449;0;0;16;7;487489;113736;4926675;40865;601225;4625276
41002;41002;1664346;8937534;0;4162703;309;36;13070397;1506668;108443639;1664346;14577065;108011902
43306;43229;120394;2676620;0;12000;16;2;620698;109536;4365971;120394;730234;3419908
42909;42909;285963;13733743;0;12000;14;5;644697;236510;26288426;285963;881207;24919409
42201;42109;1120734;12765012;168000;168000;291;7;6690017;195552;91847309;1120734;6885569;88501214
41002;41002;111670;1005004;320400;721560;20;5;1176883;160484;27574569;111670;1337367;26885205
42909;43229;177998;14594866;0;0;11;9;492096;305232;23464270;177998;797328;18732268
42909;42909;337034;1953152;0;0;61;5;1810200;162900;14644006;337034;1973100;14587049
41001;41002;38780;193901;3694;3694;8;4;145463;79713;3581559;38780;225176;2345560
41001;41001;436663;12450767;0;575731;59;6;5958203;518104;116688085;436663;6476307;112788433
43301;43301;673466;9724192;0;30103;21;18;947207;567156;11446626;673466;1514363;12248120
41001;43219;82982;1369670;349516;355716;48;12;2591040;547567;14019826;82982;3138607;13946929
43212;41003;946005;13797338;53890;53890;69;13;4783201;591529;19811701;946005;5374730;19758180
41001;41001;132351;5085832;0;37748;27;5;890887;178177;7786777;132351;1069064;9617674
43211;43211;478790;6187117;4000;4000;8;2;209244;46632;1314306;478790;255876;1458295
42102;42109;520852;16180767;0;0;137;15;5301522;279027;41028801;520852;5580549;37203669
42909;42909;76854;435511;0;0;64;7;1600800;220200;3705110;76854;1821000;3752822
41001;41001;2114577;15506901;0;0;44;30;2755249;1380000;24637346;2114577;4135249;22451455
42206;43125;230742;1797432;16800;104222;67;1;1919242;48000;5572162;230742;1967242;5940023
41002;41002;253714;3874164;0;1172177;104;22;3321774;1091272;41023022;253714;4413046;36550586
43122;43122;1758;13045;60000;60000;8;4;287868;186000;1725410;1758;473868;1673123
41002;41001;97530;840319;0;144990;66;9;2232390;421958;19863000;97530;2654348;18528831
41002;41002;1319565;18083663;857580;857580;357;19;8032136;1032000;91655821;1319565;9064136;79987096
41002;41002;111346;1305120;7200;56515;143;4;2649121;167594;5599145;111346;2816715;5909258
41002;42909;2438348;19493400;0;639129;71;9;1465200;402600;42515684;2438348;1867800;40006129
41002;41001;222650;583665;0;63502;42;5;4256832;526125;21271684;222650;4782957;16379197
42906;43907;819;4456;0;12000;2;1;73788;18276;392429;819;92064;361532
43211;43211;129799;675220;0;0;24;6;781780;335049;17693448;129799;1116829;17932966
41002;41002;335172;849536;0;278681;59;4;1420861;174704;8821097;335172;1595565;8361308
41002;41002;436438;2815339;0;0;22;3;804060;78624;8329129;436438;882684;7812740
43901;43901;72868;969139;0;0;27;5;1911400;151200;5153999;72868;2062600;3588098
42909;42109;959606;7800996;0;520917;150;44;6163999;1341672;186021783;959606;7505671;142008460
41002;41001;362201;9844049;0;128733;35;8;1953553;503088;34049107;362201;2456641;32490328
43224;43224;100420;1295898;4000;140000;101;7;4365315;343091;15870997;100420;4708406;15556144
41002;41002;154984;6207138;0;0;25;14;1026792;703200;31319372;154984;1729992;32545306
43211;43211;634014;4337879;0;264905;39;5;1482985;234914;32720184;634014;1717899;29599969
42909;42909;317386;813319;56308;56308;18;4;465890;126925;11906778;317386;592815;11755052
41002;41001;813677;7615655;105500;120527;125;8;6216893;327205;21471004;813677;6544098;21605301
41009;41001;69779;1740475;0;15820;9;1;212401;22116;1872067;69779;234517;1904423
41002;42909;2171179;11013314;0;1720143;246;12;11279664;957600;119334947;2171179;12237264;115918079
42206;41001;25050;100380;13200;13200;5;1;119016;20376;1067709;25050;139392;805405
42102;42102;26230;110644;92050;92050;12;0;320206;0;2526015;26230;320206;2430061
43225;43225;0;1598293;11340;11690;9;4;268442;94318;8263687;0;362760;8098343
41001;41001;106338;147125;3600;3600;9;3;263112;111600;733450;106338;374712;1107008
43219;43219;271768;1540020;0;60000;76;33;2039688;890840;10246856;271768;2930528;10008044
42102;42102;112711;450362;0;0;2;1;105868;20300;652420;112711;126168;542995
41001;41001;273757;250754;0;0;120;3;4922400;274200;27213958;273757;5196600;22142843
41002;41002;71398;508293;0;0;3;1;146160;27091;4339518;71398;173251;4193629
42102;42909;2380050;12992522;2380569;2380569;143;42;11021026;2544944;217455069;2380050;13565970;214080241
43121;43121;20313;85201;0;0;28;4;485618;67250;320310;20313;552868;675466
42206;43909;156152;6055304;0;24000;34;4;954847;148356;4668129;156152;1103203;3633656
42103;42103;273120;1846111;53864;53864;7;2;222000;72000;4349231;273120;294000;4131769
43309;43309;132175;4108301;0;0;114;9;4769456;463188;11696133;132175;5232644;11410128
42201;42201;2240630;1941423;278669;278669;400;43;20632736;2813555;125819772;2240630;23446291;127372269
43309;43309;168022;1814416;0;0;7;3;386280;81768;3236099;168022;468048;2951129
41001;41001;98055;591240;0;0;16;5;701481;288674;36023652;98055;990155;35773189
41002;41002;374197;4128456;0;0;89;8;2649555;304938;9377922;374197;2954493;11008653
43226;43226;275034;3270495;65200;875568;63;5;1970843;367891;22847735;275034;2338734;20919905
41002;41001;3366253;4341202;0;0;89;37;3440569;1772415;124509530;3366253;5212984;115132814
42909;42909;92650;520618;16849;16849;18;4;634776;133392;7214115;92650;768168;7146587
41001;41001;105437;464419;0;12000;12;6;962570;384700;12064517;105437;1347270;14567167
41002;41001;185900;2189365;0;0;35;5;1562100;244452;37075826;185900;1806552;36573431
42904;41001;13077;204863;39600;56400;4;2;95199;93444;1479771;13077;188643;1285898
43211;43211;35315;381360;0;0;9;3;340800;81600;2903396;35315;422400;1567493
43292;43299;37320;411520;14400;55983;6;2;141600;58848;3661532;37320;200448;3112303
41002;41002;1596;55456;0;0;27;2;882760;63912;7927541;1596;946672;9894941
42909;43219;285655;1017154;0;0;144;3;4009510;108936;42111500;285655;4118446;39279276
41001;42909;144495;1599620;0;0;4;1;236460;30660;387000;144495;267120;3276000
41001;41001;26089;620714;0;509855;17;3;605946;141792;6429212;26089;747738;6102550
42206;41001;4666;56415;0;0;4;0;49995;0;270976;4666;49995;333300
41001;41001;109240;801097;580000;580000;19;13;2362026;674400;12152769;109240;3036426;10130216
41001;41001;1891351;18458896;30000;30000;135;22;3847344;1459320;98544145;1891351;5306664;94527776
41001;41001;154796;1312731;0;0;50;6;1382064;97488;16298122;154796;1479552;14473487
41002;42909;281879;9430149;0;0;79;12;4300355;688017;18855209;281879;4988372;18770276
42103;42103;21000;108840;0;14000;7;7;268000;312000;5805900;21000;580000;5355312
42909;42206;245986;3614915;0;17100;8;7;428616;287112;10802650;245986;715728;10041338
42207;42207;322626;9312704;0;0;6;2;191490;39520;2180752;322626;231010;1752907
42909;42909;559944;5238711;0;0;66;6;2879711;319967;41804952;559944;3199678;39820844
41001;41001;17135;92726;0;0;288;6;9495781;174492;20504014;17135;9670273;24189072
42101;42101;303899;2163533;0;0;7;3;262272;102000;8547366;303899;364272;8013242
43211;43211;35468;762192;74820;74820;13;3;488964;142668;2899778;35468;631632;2609234
41002;41001;42824;1197271;0;0;52;4;2183660;113760;9597660;42824;2297420;8832904
42102;42102;0;1247174;120000;120000;80;22;3279949;735748;122204834;0;4015697;119161148
42203;43909;18150;39852;104625;104625;14;2;531794;77340;2269337;18150;609134;2407359
41001;41001;235464;2683170;0;66786;14;6;586368;294600;3068387;235464;880968;5262846
42903;41002;54110;330895;0;0;9;3;323580;110352;3642490;54110;433932;2726137
41002;42102;116606;1812400;0;0;39;4;1431190;156300;17828729;116606;1587490;16012296
41002;41002;264178;2188020;0;0;54;6;2168365;119088;34363811;264178;2287453;32058912
41001;42909;275603;2151941;78604;78604;115;13;2670116;296680;22857586;275603;2966796;20274700
42909;43211;10791;433875;0;0;12;1;434893;30612;13859592;10791;465505;13613122
41002;43309;35649;320840;96000;156000;18;3;737269;207947;12180701;35649;945216;11815280
41002;43309;994732;5257860;1272787;1272787;306;15;12112892;1148468;114645897;994732;13261360;114539887
43211;43211;1274924;12978252;0;363618;7;3;554808;127656;117236894;1274924;682464;93789515
43224;43224;118059;1978889;0;36000;9;3;326713;164480;1002015;118059;491193;1181250
43221;43221;180000;3258000;0;0;292;8;7002600;306600;19000000;180000;7309200;19237424
41001;41002;435210;3220810;0;0;152;8;5870772;337620;23118625;435210;6208392;22240072
43294;43294;5413;73143;0;4269;11;1;182708;13372;1749373;5413;196080;1635311
41002;41002;317142;4851114;0;1465221;201;13;5391152;441853;51187537;317142;5833005;46001079
43309;41001;2400;9595;14400;14400;5;1;99061;0;423339;2400;99061;330204
41001;41001;130364;1173268;0;3697;15;12;499008;447852;22809275;130364;946860;23269662
42201;42201;17201;78359;30000;30000;4;2;154224;63648;1891184;17201;217872;1864497
43291;43291;10134;140025;0;0;10;1;395400;25800;1175305;10134;421200;1179837
42909;42205;370002;1916505;0;0;24;4;674442;127100;2672428;370002;801542;2343292
42209;41001;69224;357496;0;19743;1;1;0;24950;6724500;69224;24950;5092434
42206;42206;20865;3590898;0;36713;21;3;473215;103877;25656000;20865;577092;24570015
41002;41001;982064;10282519;482344;482344;61;10;2443697;521449;21975593;982064;2965146;19997790
43211;43211;36700;330296;14400;14400;6;2;198964;37898;1233658;36700;236862;1184312
41002;43211;58902;206262;0;60000;203;4;6136889;148620;24525145;58902;6285509;24081485
41002;41001;235275;4567659;72700;72700;16;1;446416;39000;2988038;235275;485416;6827623
42904;42904;41000;31781;14400;15057;5;3;91080;60720;988546;41000;151800;1252454
41002;41001;232401;1350890;0;66283;142;11;4443259;349470;21641166;232401;4792729;17096521
43901;43301;30288;474511;27600;27600;257;8;5245596;199200;34029973;30288;5444796;29775480
42207;42909;982111;5397471;0;2526721;33;4;1084800;159374;16476227;982111;1244174;16282480
43309;43306;117016;816523;45600;45600;69;8;1554359;213421;3968385;117016;1767780;3866248
41001;41001;249800;288167;0;24470;13;7;686882;562400;21164790;249800;1249282;19349294
41002;42109;612363;11812851;0;0;54;10;1989642;221072;18729295;612363;2210714;20428398
41002;41002;405363;404651;578400;578400;482;24;10511717;1039621;140235980;405363;11551338;132285583
42909;43211;238982;3805832;0;55970;37;5;2494621;243012;17862276;238982;2737633;17207211
42209;42102;10628;72000;0;0;4;0;43101;0;281430;10628;43101;275547
43309;43309;344677;3514924;0;0;60;11;1495956;446844;15429883;344677;1942800;14361535
41002;42909;673083;23566548;0;50937;133;16;6628673;623433;19645350;673083;7252106;19599773
41002;43909;1985026;10214070;2733147;2733147;87;11;2299869;290640;22617468;1985026;2590509;21069615
43211;43211;205677;2536073;18000;18000;105;7;2502362;197232;8480877;205677;2699594;8377600
41002;41002;315488;1779767;0;52950;156;10;6516596;600314;46591037;315488;7116910;44791016
43225;43225;30719;276470;34168;45557;40;5;1600800;188400;25996287;30719;1789200;20081734
41002;41002;117761;750482;0;0;164;10;5136888;399933;60094135;117761;5536821;59990394
43219;43219;336;2433;0;0;1;0;0;0;66781;336;0;37563
41002;42909;171319;3744888;0;162013;384;16;19005000;1024752;153955470;171319;20029752;149336805
41002;41002;223475;5079774;0;183421;13;2;579506;61800;12816414;223475;641306;14048669
42102;42102;19872;149507;0;0;10;1;151056;14400;665297;19872;165456;569884
42102;42102;80299;300222;20000;20000;5;0;99408;0;598632;80299;99408;555471
43302;43302;10206;106873;48000;48000;17;3;370562;115200;1369351;10206;485762;1315537
42909;41002;817117;11040623;0;233099;137;12;5270824;741600;61201210;817117;6012424;60123314
43224;43224;902984;18750753;0;0;128;17;4432080;913860;21402440;902984;5345940;15082817
41002;43211;72530;308623;65000;65000;11;5;488400;240000;2625747;72530;728400;2520717
41001;42202;223432;14997578;63724;63724;196;19;2164664;240518;18958572;223432;2405182;32857907
43901;43902;122406;46371;32990;78190;15;2;422371;58800;3344042;122406;481171;3259112
43291;43291;296895;6322496;0;50045;91;16;2446793;431787;13881957;296895;2878580;12889945
43909;43225;406123;8868946;0;108240;28;5;1801515;202833;9636450;406123;2004348;11025419
42205;42205;195601;4401931;0;1163105;81;4;2364325;119135;19941707;195601;2483460;19435424
42209;43224;7049;548059;0;0;6;1;104542;26136;566597;7049;130678;518534
41002;42209;1020731;4765449;0;25438;18;9;861162;287054;8656506;1020731;1148216;6561219
43309;43909;80307;621065;0;0;14;1;368080;26923;3622358;80307;395003;3418712
42209;43229;62627;695862;42000;42000;15;8;468960;393240;2659632;62627;862200;2677528
41001;41002;363872;946827;94851;167533;25;3;2265475;159732;15740720;363872;2425207;15484272
42909;41001;24175;158770;18000;18000;19;1;387900;25284;5940000;24175;413184;5237081
41002;41002;582021;19456750;0;165997;426;6;10584496;215806;51514114;582021;10800302;42816239
43301;43301;143000;1287005;0;0;2;0;45000;0;301523;143000;45000;203389
43306;43306;135953;53133;29680;31430;14;1;323001;19984;1124221;135953;342985;1866633
43903;42909;44045;287057;63250;63250;7;2;255048;79344;4326501;44045;334392;3240112
43219;43212;4464;28954;0;0;18;5;611748;224460;6353215;4464;836208;5408948
41009;41001;1429434;7817678;0;118000;25;5;996623;139777;44934866;1429434;1136400;43275714
42109;42109;349021;2161080;60000;60000;31;9;1553403;239868;19486616;349021;1793271;17886072
43902;42209;28222;67266;38400;53400;11;4;389823;129941;2635833;28222;519764;2349740
42102;42102;803692;5893743;53600;53600;287;13;10191333;421200;40255566;803692;10612533;40130658
43309;43309;34575;123184;0;0;16;2;614280;64501;6251855;34575;678781;4662201
43909;43909;106882;961936;126000;126000;59;4;1837833;312000;6018845;106882;2149833;5717903
43211;43211;112190;551271;0;0;3;0;366178;0;6168137;112190;366178;5609520
43211;43211;2935;8804;27600;27600;62;3;2010905;133736;10301868;2935;2144641;9835290
43122;43122;19465;290304;22500;361545;10;1;458916;127000;3279684;19465;585916;3022787
43224;43224;602576;2668653;76800;5331485;29;1;685329;33733;8852045;602576;719062;13088469
42909;43909;19973;1800241;14220;14220;20;9;1817576;540708;4670550;19973;2358284;4661468
42102;42102;175351;1937308;63600;86280;39;7;1073050;256584;13229647;175351;1329634;12694338
41001;41001;1073740;230949848;0;780176;392;25;11137512;710905;99972036;1073740;11848417;78989481
41002;43229;164334;321242;0;0;38;8;3575576;364303;20219718;164334;3939879;19276825
43301;43301;1078;8000;6000;6000;5;0;115000;0;490000;1078;115000;416000
42102;42102;575;5175;0;13250;4;0;6000;0;60000;575;6000;43355
43110;43121;12397;49759;0;0;27;2;805720;84528;2067107;12397;890248;1889114
42909;43229;3764695;23666604;827078;827078;197;39;7915116;1781880;41973450;3764695;9696996;53303072
43299;43299;20795;33756;0;11474;2;0;43200;0;1568734;20795;43200;1529828
42909;43211;199522;3685204;0;56905;93;7;3386340;325656;13138235;199522;3711996;12361886
43907;43907;2154005;31881261;0;0;70;4;5119416;89472;23670361;2154005;5208888;21540028
43122;42101;77772;1661672;53400;288483;14;4;524244;156900;5664673;77772;681144;6779999
43909;42909;81656;1428298;0;0;9;1;299086;23556;8218167;81656;322642;8234829
43129;41001;528123;2466565;0;65296;25;9;1402212;395064;10382513;528123;1797276;10060571
41002;41002;359151;1220230;102433;102433;3;2;55200;67200;25101327;359151;122400;24348288
41002;42101;1879115;84940493;0;140400;83;4;1726858;60000;122605122;1879115;1786858;120975425
41001;41001;520857;338572;0;0;7;1;295908;14113;4349325;520857;310021;1776104
41001;43299;389029;2204500;0;279592;18;8;1104590;481020;21939380;389029;1585610;17103663
41002;41001;1950243;9986070;0;800470;19;10;1386079;419090;17131657;1950243;1805169;20756016
41001;41002;131774;1811570;0;2250;4;2;248700;51600;1837471;131774;300300;1903539
42909;42909;683041;10652679;14000;360560;86;11;2138712;738895;13276668;683041;2877607;12583906
43901;41001;723339;13525674;0;110000;293;7;9351650;450034;324442314;723339;9801684;325762476
42201;42201;479054;9535380;0;0;18;2;1748766;139332;15935205;479054;1888098;19962545
41001;41002;1999677;16550500;19200;273638;91;10;2812776;371566;29779736;1999677;3184342;29566810
41001;41001;589526;3877810;105650;2407754;37;7;2300520;366300;47078343;589526;2666820;48413967
41001;41002;982145;7202394;56400;56400;197;44;7530014;2822400;39884913;982145;10352414;40717492
41002;41002;335806;3626263;0;0;3;5;215355;264645;18137356;335806;480000;16562880
42909;43909;4220;38263;83400;83400;3;1;189600;26400;5150928;4220;216000;4961336
43909;43909;75099;848490;0;19200;6;2;409000;86738;6851861;75099;495738;6621761
42205;42205;48484;436359;90000;90000;7;1;265937;26301;1506379;48484;292238;1461188
43309;43309;47612;928380;25200;206525;9;2;501684;80568;8420220;47612;582252;8439295
43905;43905;10185;45136;30000;30000;8;2;268591;36671;1157692;10185;305262;1127481
43309;43309;45884;305255;18000;25000;7;1;284808;75000;3159669;45884;359808;3064067
43309;43309;290583;410726;14060;14060;3;1;223200;30000;4422376;290583;253200;1836503
41001;42909;92058;1113807;48000;48000;20;3;1068700;174700;6351780;92058;1243400;5667327
43211;43211;1491;1978;11300;11700;4;1;112728;48000;340104;1491;160728;319343
43309;43225;147542;1595579;0;33389;24;3;809266;131741;3054151;147542;941007;3123383
43907;43909;23100;2643380;0;36000;72;3;2516081;104142;4338523;23100;2620223;4280023
43309;43309;64663;581964;120000;120000;39;1;773160;16920;4014510;64663;790080;3974365
43225;43225;14117;731142;0;36760;28;6;1387162;304499;8555764;14117;1691661;8458305
43307;41002;101456;95904;33697;33697;10;2;382468;84000;21964711;101456;466468;17064861
43229;43227;56739;950277;0;29827;12;1;596710;43200;2871508;56739;639910;2757402
41001;41001;365997;11890810;0;142560;18;11;1772540;817560;163356000;365997;2590100;166233000
43907;43907;42321;380892;268000;268000;4;8;67200;139200;3526778;42321;206400;3089807
42203;42909;28372;76387;0;0;50;2;1444128;60120;5905392;28372;1504248;5859423
43901;43909;146199;1249111;0;0;3;1;150024;31800;569958;146199;181824;454538
43902;43305;17244;253722;0;0;5;1;193338;20088;322205;17244;213426;430748
43229;42201;70948;5858770;0;0;11;4;332153;147192;6278309;70948;479345;5578756
41001;41001;96654;2422859;0;0;3;0;86218;0;294942;96654;86218;2384522
41002;42909;226003;1084580;57600;57600;16;3;501132;105408;9924664;226003;606540;9155533
41001;41001;279619;493693;20000;59872;12;8;715567;239072;11004730;279619;954639;11772934
41002;41002;587705;4382651;1731968;1749268;23;6;1066890;260228;36689407;587705;1327118;36892064
42909;43299;254812;770469;240000;240000;31;5;1644811;313297;21076110;254812;1958108;18895761
42909;42909;35863;203058;0;0;8;3;310400;108800;2406176;35863;419200;1389057
42909;42909;25188;189095;36000;36000;27;13;1204743;327720;80329220;25188;1532463;73019261
41002;41002;56562;306529;42030;42030;747;13;19348748;557481;206135104;56562;19906229;200649861
41001;41001;716906;5287057;342350;342350;46;9;2011428;650880;89526033;716906;2662308;88303816
41002;42101;401962;2778611;21000;1053765;37;5;1346824;183658;14627168;401962;1530482;14105849
41001;41001;676863;10114242;189920;3145120;113;58;9390600;3686952;268877548;676863;13077552;259309022
41001;41001;22867;226319;292536;292536;86;7;2130821;259682;14530298;22867;2390503;14018115
42902;43902;168725;372463;0;0;27;2;426000;88800;5839463;168725;514800;5417192
43291;42909;132630;2042974;61440;61440;5;1;392233;33550;25976427;132630;425783;25615254
43909;43219;83286;61747;24000;24000;1;1;26032;18000;17000;83286;44032;278486
42109;42109;26055;137030;0;28300;6;0;153000;0;838413;26055;153000;825071
43122;43122;113649;236498;18000;28560;39;2;867787;55391;2664294;113649;923178;2637651
43121;41001;4707;15902;24000;24000;7;0;144000;0;2620584;4707;144000;1828360
43122;43122;120762;2916974;0;0;6;2;300000;43200;2241916;120762;343200;3358882
41001;41001;226594;4737232;0;0;10;4;661239;355600;10724101;226594;1016839;10571466
43129;42909;36956;534232;69065;69065;12;3;493860;165336;2862286;36956;659196;2685414
43211;43211;138813;1594377;15000;39319;26;3;826321;123473;2847787;138813;949794;2794745
43303;43303;18177;6312;0;0;35;1;866422;0;5850400;18177;866422;5694096
42909;43211;147606;6479901;0;29300;22;3;727812;83076;8285331;147606;810888;7990123
41001;41002;365714;1557708;0;104304;111;4;7640201;216047;33629572;365714;7856248;26903658
41001;41001;771892;9586012;0;221452;160;3;4442628;102924;56908201;771892;4545552;57120120
43907;43907;1529295;36908321;0;0;295;11;8412852;890472;41307707;1529295;9303324;37146167
43307;43307;246357;801456;0;0;30;0;1161000;0;81857407;246357;1161000;81622184
43309;43909;85806;1824944;0;24472;15;6;634416;226572;7890334;85806;860988;6312267
42901;42909;813744;2007123;232086;232086;40;5;2029728;286032;58835454;813744;2315760;57949570
41002;43309;160035;351567;30000;157803;130;8;5837674;458811;21069593;160035;6296485;20764164
41002;41001;1074009;35287057;306316;306316;106;10;6061824;660696;80621652;1074009;6722520;79009221
41009;41001;182689;1456822;0;52104;13;0;699042;0;14144701;182689;699042;13439468
41009;42101;15190;174686;24000;24000;8;3;281586;79200;2004368;15190;360786;1567857
42201;42101;427857;5038866;3842217;3842217;87;6;6014738;388160;306011837;427857;6402898;273921403
42909;43909;356590;374458;263975;263975;23;4;2062633;220417;5807258;356590;2283050;5868736
43124;41001;6775;123012;0;1932;4;2;107700;37840;683400;6775;145540;498400
42909;42909;25330;1787950;0;0;11;3;444178;86400;2667291;25330;530578;2639535
42909;42909;101412;183910;28900;28900;5;3;318304;188530;2019198;101412;506834;1779814
42909;41002;10148;155496;0;0;35;7;1466136;412680;40900000;10148;1878816;39989740
43309;43309;4607;36526;21600;21600;6;1;121536;22200;338588;4607;143736;316061
43211;43299;98452;114869;0;0;34;1;1432067;71088;15951007;98452;1503155;15971445
43301;43301;12834;91506;0;14400;8;0;247557;0;376964;12834;247557;340444
43905;41002;9661;67397;44100;44100;7;1;278373;66000;1329752;9661;344373;1255187
43309;43909;271457;3985697;0;0;2;3;113753;170630;1981795;271457;284383;1895733
43211;43211;31062;65282;22800;44225;12;1;452345;30500;4995801;31062;482845;4633195
41009;41002;6351;57151;24000;24000;3;1;134114;18288;846678;6351;152402;792010
42909;42909;4543763;26400753;37900;41030;94;15;2789749;606000;6535322;4543763;3395749;12399130
41001;41002;259931;4200173;0;0;67;8;2499252;408864;16952692;259931;2908116;15169444
43305;43909;195910;3257316;0;30000;18;4;566315;178939;2519456;195910;745254;2336489
41002;42201;72029;718097;0;20543;41;5;1392577;154731;6105283;72029;1547308;5298745
41002;41001;112361;336550;36000;3784802;124;9;5201267;482857;46768941;112361;5684124;45881273
43219;43219;68500;4332032;0;0;10;5;469713;117428;5460205;68500;587141;4892828
43211;43211;0;6;0;0;2;0;0;0;150732;0;0;75366
42909;41001;1161178;8761809;0;235629;29;7;1251710;198290;13782944;1161178;1450000;13017666
42909;42109;96067;441545;24000;24000;8;1;124404;24336;1002154;96067;148740;932941
41009;41001;3408202;20917686;0;520430;218;64;8048112;4683072;97420429;3408202;12731184;85063392
42909;42909;78613000;1552579000;0;21399761;1124;264;94038954;20117556;755712347;78613000;114156510;767792919
42909;41001;119388;675662;2141658;2141658;19;8;1076529;682310;56776297;119388;1758839;53388502
42909;43909;1833443;17469891;1858200;1858200;5;3;200796;117720;29517729;1833443;318516;28517359
43301;43301;8231;600;13500;13500;2;1;91054;22632;206323;8231;113686;205796
43219;43219;476890;1813996;0;0;13;3;541676;103176;3963117;476890;644852;3425001
43302;43309;230598;479426;0;41613;6;1;666228;27760;2499238;230598;693988;3892730
41002;41001;31806;243033;0;3870;17;3;985380;282467;14496837;31806;1267847;17256957
43304;42909;240;360;0;0;4;0;113324;0;739301;240;113324;779290
41002;41002;41239;240179;60000;517390;16;12;779436;530954;31576175;41239;1310390;30814660
41002;41009;64247;283094;18324;18324;1;1;194570;185575;6386885;64247;380145;4726295
43304;43304;53802;851146;0;0;18;5;808392;220212;5055513;53802;1028604;4237290
41001;41001;400921;3392556;114346;114346;43;8;1448280;375840;30405822;400921;1824120;29493648
41009;43306;1093197;4079426;117760;117760;44;4;1806784;157112;12074048;1093197;1963896;11015913
41002;41002;1434434;128960;0;409112;1;1;198240;190248;111512000;1434434;388488;105523806
41002;41002;47832;191328;12960;12960;34;3;785786;101300;11428193;47832;887086;10122265
41001;41001;189883;5702782;0;54156;191;3;3782100;171912;14253796;189883;3954012;13968721
41009;41009;14404;74900;9600;9600;1;1;43200;16800;412500;14404;60000;410300
43219;43219;410;19890;3600;3600;3;1;45600;13200;150000;410;58800;122770
41001;41001;87915;89266;0;25074;12;3;514812;152400;6834264;87915;667212;6467411
41001;43302;681002;1813765;0;0;9;1;855897;35662;22704543;681002;891559;23291689
43309;43909;63005;2381092;0;3900;6;2;468000;178000;59382301;63005;646000;58850826
43303;43303;2600;19070;24000;24000;2;1;29616;11400;136721;2600;41016;140090
41001;41001;15810;89189;72000;95557;21;5;907392;377604;9801509;15810;1284996;9733684
41001;41001;29100;330963;0;8300;5;7;462598;162534;2675947;29100;625132;2140758
41001;41001;1144702;10648233;0;0;289;35;9154711;2100000;55285693;1144702;11254711;49937658
42909;41001;10261;92352;24000;84000;6;1;343759;29892;5446802;10261;373651;5369893
41002;41002;0;4552415;0;0;99;8;3600380;270880;11380550;0;3871260;11438789
41002;42209;95083;380333;0;0;33;4;1260840;183384;3859000;95083;1444224;3989450
43903;43903;360;1841;0;0;2;1;76125;60000;10473238;360;136125;10475298
42209;42209;43890;1215423;48000;48000;10;4;964941;425083;4349082;43890;1390024;4015781
43309;43309;0;5;60000;60000;4;2;245868;105372;7394526;0;351240;7024800
41001;41001;526788;2079426;95063;95063;32;3;1474402;110976;9499238;526788;1585378;8892730
42209;42209;2492;237319;163428;163428;10;3;557676;134785;11092308;2492;692461;9973566
43301;43301;7000;28000;0;0;7;0;246000;0;1823557;7000;246000;1814302
41009;41002;97072;3280116;0;0;11;5;656405;294026;8926334;97072;950431;7141067
43306;43306;97594;560075;0;0;23;2;793479;140026;5435120;97594;933505;4079339
42909;42909;407944;2523000;0;225077;5;1;270093;30010;31589782;407944;300103;30010300
42909;42909;235616;1519670;33600;33600;42;2;1146140;84000;15820390;235616;1230140;15315245
42909;43309;59468;56957;24000;42000;17;1;377233;60000;551305;59468;437233;1042377
41009;41009;162706;1850485;0;0;9;2;310500;51072;1501177;162706;361572;1413053
41003;41003;26970;186120;900;91180;94;3;2448998;180286;5958574;26970;2629284;10345473
42909;42909;675220;909890;0;192578;23;7;1240370;349848;51208668;675220;1590218;49672375
42909;43909;354469;1815907;488062;488062;35;4;1110278;205719;3684185;354469;1315997;3729014
42909;42206;313621;1275531;60000;60000;56;8;2625558;407937;10300532;313621;3033495;9991516
41002;41002;27096;198702;30000;30000;6;1;202260;33600;943443;27096;235860;922143
41002;41001;483960;5321453;0;0;11;4;390612;161184;12335910;483960;551796;12118364
42909;43909;880142;979864;0;128636;14;8;1505945;589027;20367259;880142;2094972;20458576
42909;41002;18001;162016;60000;60000;4;3;189394;101981;10500000;18001;291375;9712500
42909;42209;24120814;101575883;6741005;6741005;132;60;12358590;5862675;636930541;24120814;18221265;612619956
43122;43122;0;1;0;0;1;0;0;0;68387;0;0;21434
43211;42203;571;50000;0;0;2;0;0;0;54000;571;0;42000
41002;41002;478855;5120337;0;0;13;4;500892;165348;9130225;478855;666240;8641025
43304;43216;8852;522956;11474;30791;21;11;835475;449871;2733061;8852;1285346;2955924
41001;41001;731135;1866183;0;0;8;4;577730;135517;20002702;731135;713247;18633352
41001;41001;1132;24958;0;0;6;2;408393;117609;22337795;1132;526002;20273527
43229;43229;212253;848517;0;0;7;1;123912;27252;1562313;212253;151164;1477531
43211;43909;1450;23662;0;0;2;1;59802;21648;119245;1450;81450;116984
43293;42209;5146;21405;0;0;11;0;209184;0;1746247;5146;209184;1453990